<?xml version="1.0" encoding="UTF-8"?>
<project-private xmlns="http://www.netbeans.org/ns/project-private/1">
    <editor-bookmarks xmlns="http://www.netbeans.org/ns/editor-bookmarks/2" lastBookmarkId="0"/>
    <open-files xmlns="http://www.netbeans.org/ns/projectui-open-files/2">
        <group>
            <file>file:/C:/Users/Javiary/Desktop/UNAH/UNAH-2022/II%20Periodo/Programacion%20II%20IS/Programas/Tarea1JaviaryRamos/src/Tarea1JaviaryRamos/Ejercicio1.java</file>
            <file>file:/C:/Users/Javiary/Desktop/UNAH/UNAH-2022/II%20Periodo/Programacion%20II%20IS/Programas/Tarea1JaviaryRamos/src/Tarea1JaviaryRamos/Ejercicio2.java</file>
            <file>file:/C:/Users/Javiary/Desktop/UNAH/UNAH-2022/II%20Periodo/Programacion%20II%20IS/Programas/Tarea1JaviaryRamos/src/Tarea1JaviaryRamos/Ejercicio4.java</file>
            <file>file:/C:/Users/Javiary/Desktop/UNAH/UNAH-2022/II%20Periodo/Programacion%20II%20IS/Programas/Tarea1JaviaryRamos/src/Tarea1JaviaryRamos/Ejercicio3.java</file>
        </group>
    </open-files>
</project-private>
